{
  "project_info": {
    "project_number": "136925468983",
    "firebase_url": "https://getstartednh-56fe9.firebaseio.com",
    "project_id": "getstartednh-56fe9",
    "storage_bucket": "getstartednh-56fe9.appspot.com"
  },
  "client": [
    {
      "client_info": {
        "mobilesdk_app_id": "1:136925468983:android:57d61821ccf57bd5",
        "android_client_info": {
          "package_name": "com.example.microsoft.getstartednh"
        }
      },
      "oauth_client": [
        {
          "client_id": "136925468983-5cpcglvnij0etomigpdolj7sa2rm6a0r.apps.googleusercontent.com",
          "client_type": 3
        }
      ],
      "api_key": [
        {
          "current_key": "AIzaSyAMLaVdNuOugZKJ9chd_ci-kn-uxCAO5vY"
        }
      ],
      "services": {
        "analytics_service": {
          "status": 1
        },
        "appinvite_service": {
          "status": 1,
          "other_platform_oauth_client": []
        },
        "ads_service": {
          "status": 2
        }
      }
    }
  ],
  "configuration_version": "1"
}